{
    "accuracy": 0.9790865384615385,
    "precision": 0.9659197012138189,
    "recall": 0.9932789246279404,
    "f1_score": 0.9794082840236686,
    "confusion_matrix": [
        [
            2004,
            73
        ],
        [
            14,
            2069
        ]
    ]
}